,R2,R,RMSE,num_faatures
0,0.7096867710070724,0.8460633971055531,0.5171333264559217,500
